Rk,School,G,W,L,W-L%,SRS,SOS,W,L,W,L,W,L,Tm.,Opp.,Pace,ORtg,FTr,3PAr,TS%,TRB%,AST%,STL%,BLK%,eFG%,TOV%,ORB%,FT/FGA
1,Air Force,32,16,16,.500,2.71,3.31,6,10,12,5,3,11,2074,2082,62.5,102.6,.387,.367,.572,45.3,68.4,9.9,8.6,.540,17.7,20.4,.273
2,Akron,36,23,13,.639,2.15,-1.02,9,7,14,2,5,9,2524,2365,67.0,102.9,.313,.379,.530,47.9,58.3,9.8,10.0,.499,15.5,28.3,.220
3,Alabama A&M,28,13,15,.464,-15.19,-11.75,10,8,9,4,4,10,1808,1870,71.6,89.8,.418,.272,.472,48.8,53.6,11.6,13.0,.435,19.0,31.5,.261
4,Alabama-Birmingham,31,22,9,.710,8.55,2.78,12,4,13,2,8,5,2119,1940,63.1,105.7,.297,.405,.538,51.7,55.6,8.2,9.4,.508,16.6,33.4,.213
5,Alabama State,35,17,18,.486,-13.37,-10.31,11,7,10,3,4,14,2146,2234,66.5,91.6,.473,.317,.476,50.7,55.5,10.9,13.0,.440,19.7,35.6,.285
6,Alabama,37,25,12,.676,11.70,4.27,12,4,19,0,4,6,2473,2198,65.3,101.6,.316,.247,.520,52.0,48.8,14.4,12.2,.487,18.0,36.8,.223
7,Albany (NY),32,16,16,.500,-7.05,-5.96,9,7,7,6,7,8,2013,2048,61.0,101.1,.297,.369,.517,51.8,51.1,7.5,8.4,.494,17.6,35.1,.192
8,Alcorn State,28,4,24,.143,-23.02,-8.02,4,14,2,7,2,17,1838,2258,77.7,84.2,.469,.216,.452,43.4,41.5,10.0,7.9,.404,19.1,25.4,.297
9,American,31,22,9,.710,-3.13,-5.64,11,3,10,3,10,5,2051,1973,61.9,105.2,.375,.348,.543,52.4,60.1,6.5,8.2,.506,15.6,29.8,.269
10,Appalachian State,31,16,15,.516,-4.81,-2.95,10,8,9,3,6,8,2265,2269,68.9,105.5,.399,.335,.548,49.9,41.4,8.3,7.7,.511,16.5,30.3,.281
11,Arizona State,31,12,19,.387,4.30,7.20,4,14,8,7,2,10,1983,2073,64.4,99.0,.290,.409,.521,47.3,64.4,9.8,11.6,.501,16.7,27.7,.182
12,Arizona,38,30,8,.789,16.54,7.99,14,4,17,0,7,4,2905,2580,66.9,112.8,.436,.361,.583,53.1,55.3,7.7,7.4,.541,16.4,34.0,.325
13,Arkansas-Little Rock,36,19,17,.528,-4.32,-2.97,7,9,10,5,3,10,2457,2426,65.4,103.3,.423,.317,.528,48.9,52.5,8.9,6.7,.488,15.7,29.9,.292
14,Arkansas-Pine Bluff,31,7,24,.226,-20.00,-8.03,7,11,5,4,2,19,1850,2221,68.4,86.2,.401,.345,.483,46.7,56.9,10.9,6.4,.449,21.5,26.9,.252
15,Arkansas State,32,17,15,.531,-3.38,-3.31,11,5,13,0,4,10,2188,2066,65.6,103.8,.435,.294,.526,53.3,48.7,9.6,8.1,.481,16.9,35.9,.308
16,Arkansas,31,18,13,.581,6.28,2.34,7,9,15,3,2,7,2191,2069,67.7,102.8,.394,.325,.532,48.0,49.3,10.6,15.5,.495,16.8,30.7,.274
17,Army,30,11,19,.367,-10.71,-6.58,3,11,4,8,7,10,2038,2141,68.2,99.6,.298,.426,.525,48.7,57.0,8.3,5.4,.493,18.0,30.0,.212
18,Auburn,31,11,20,.355,-2.47,2.40,4,12,9,11,2,7,1933,2051,65.7,93.8,.391,.274,.481,49.4,51.7,11.7,8.1,.442,18.1,33.8,.257
19,Austin Peay,34,20,14,.588,-0.15,-3.77,13,5,10,3,8,9,2510,2279,68.6,105.4,.394,.264,.539,50.8,53.8,12.3,9.8,.506,17.4,35.6,.268
20,Ball State,32,19,13,.594,-0.70,-3.40,10,6,11,3,6,9,2164,2049,64.7,103.3,.504,.273,.538,50.3,60.2,9.2,5.4,.492,17.3,32.2,.349
21,Baylor,31,18,13,.581,10.00,4.80,7,9,15,3,2,6,2154,1984,66.5,104.0,.432,.293,.552,53.3,48.5,10.5,11.4,.515,20.2,36.6,.300
22,Belmont,35,30,5,.857,13.07,-4.42,19,1,12,0,12,4,2790,2178,69.2,114.3,.382,.422,.577,52.5,60.9,13.9,10.0,.542,16.8,37.4,.281
23,Bethune-Cookman,34,21,13,.618,-11.11,-8.04,13,3,11,3,9,7,2241,2240,63.5,101.6,.396,.244,.520,49.7,49.4,11.0,6.6,.477,16.3,32.4,.281
24,Binghamton,31,8,23,.258,-13.81,-5.35,4,12,3,10,4,12,1861,2123,61.6,96.7,.283,.402,.500,46.2,51.9,8.2,10.4,.468,17.2,30.0,.199
25,Boise State,35,22,13,.629,5.48,0.01,10,6,12,4,9,7,2594,2382,68.2,106.4,.419,.344,.540,50.4,51.3,12.4,7.2,.497,15.2,31.6,.302
26,Boston College,34,21,13,.618,9.78,7.31,9,7,12,5,5,6,2440,2356,64.1,111.9,.315,.433,.573,49.4,60.4,7.7,8.2,.545,15.1,30.3,.228
27,Boston University,35,21,14,.600,-2.48,-3.85,12,4,12,2,4,10,2270,2222,62.7,103.0,.373,.401,.517,50.2,46.1,8.6,11.5,.473,16.1,34.1,.272
28,Bowling Green State,33,14,19,.424,-5.94,-2.03,8,8,10,5,4,11,2116,2215,66.1,95.9,.305,.264,.497,48.1,56.0,12.8,7.7,.471,17.4,30.5,.196
29,Bradley,32,12,20,.375,-1.52,1.67,4,14,8,8,2,10,2076,2164,65.9,98.1,.333,.272,.512,48.3,50.0,9.5,6.2,.473,16.3,26.9,.240
30,Brigham Young,37,32,5,.865,18.65,5.76,14,2,13,1,10,1,3012,2512,71.1,113.4,.382,.382,.562,51.9,52.8,11.2,10.7,.518,13.2,31.2,.292
31,Brown,28,11,17,.393,-7.27,-4.12,4,10,8,5,3,12,2002,2054,69.5,102.5,.356,.389,.546,48.6,58.0,7.5,7.9,.506,15.9,23.3,.266
32,Bryant,30,9,21,.300,-12.98,-3.12,7,11,5,8,3,12,2001,2258,66.8,98.7,.319,.400,.516,47.0,56.8,8.2,8.1,.490,17.6,29.2,.208
33,Bucknell,34,25,9,.735,2.39,-3.87,13,1,14,1,10,6,2387,2174,66.1,105.9,.341,.315,.554,49.7,59.4,7.1,8.3,.509,15.1,25.2,.269
34,Buffalo,34,20,14,.588,2.93,-2.22,8,8,13,3,7,10,2399,2197,67.0,104.6,.359,.294,.550,52.5,54.4,11.7,13.9,.527,19.5,37.1,.233
35,Butler,38,28,10,.737,11.53,5.02,13,5,12,2,7,6,2707,2437,64.5,109.0,.377,.387,.541,52.3,49.2,9.1,4.7,.501,14.4,33.2,.273
36,Cal Poly,30,15,15,.500,-1.84,-2.39,10,6,7,5,8,9,1779,1766,61.4,96.1,.372,.393,.487,50.0,55.7,9.8,6.6,.450,16.5,32.7,.247
37,Cal State Bakersfield,28,9,19,.321,-11.44,-2.16,7,8,2,11,1907,2167,69.6,96.9,.360,.329,.490,46.5,50.1,10.4,8.0,.450,16.6,31.8,.248
38,Cal State Fullerton,31,11,20,.355,-7.68,-2.81,7,9,7,5,4,12,2208,2326,68.4,103.7,.420,.322,.549,49.6,52.3,7.6,3.9,.508,18.1,31.3,.302
39,Cal State Northridge,32,14,18,.438,-5.35,-1.55,9,7,7,5,5,10,2232,2280,70.0,99.6,.475,.314,.528,50.3,54.1,9.3,9.4,.487,19.5,33.0,.320
40,California-Davis,30,10,20,.333,-5.69,-1.90,4,12,7,7,3,11,2136,2194,68.0,102.4,.345,.393,.567,45.9,60.5,9.4,7.7,.534,18.5,23.7,.251
41,California-Irvine,32,13,19,.406,-3.78,-2.36,6,10,9,6,4,12,2411,2419,72.0,102.2,.414,.357,.532,47.8,48.9,9.0,4.7,.485,15.6,25.9,.304
42,California-Riverside,31,12,19,.387,-8.26,-1.40,6,10,7,5,4,11,2044,2164,66.6,97.8,.328,.264,.503,50.3,50.2,8.8,9.2,.470,17.7,33.2,.224
43,California-Santa Barbara,32,18,14,.563,1.22,0.12,8,8,9,4,5,8,2170,2105,65.1,102.9,.373,.373,.563,49.6,61.6,11.0,13.0,.523,19.3,28.4,.281
44,California,33,18,15,.545,9.45,9.17,10,8,12,6,5,6,2391,2382,68.5,103.9,.471,.270,.549,51.6,60.1,8.2,6.5,.508,17.3,30.4,.327
45,Campbell,31,12,19,.387,-6.67,-4.27,6,14,7,7,4,10,2032,2091,65.6,99.5,.404,.214,.520,49.9,57.3,10.7,12.0,.490,18.8,34.4,.259
46,Canisius,30,15,15,.500,-2.92,-3.55,9,9,10,4,5,10,2043,2024,67.3,101.2,.274,.380,.519,49.3,60.8,10.3,13.4,.491,17.5,34.1,.192
47,Centenary (LA),30,1,29,.033,-25.21,-2.85,1,17,1,10,0,19,1775,2422,70.8,83.6,.474,.289,.481,43.4,49.2,10.0,6.8,.440,23.0,26.6,.297
48,Central Arkansas,29,5,24,.172,-19.16,-5.39,1,15,4,9,0,14,1984,2216,72.4,94.2,.413,.318,.501,47.3,50.1,10.5,6.7,.466,19.3,31.4,.265
49,Central Connecticut State,31,19,12,.613,-1.94,-5.97,11,7,12,2,6,10,2170,2045,67.6,102.4,.361,.264,.527,51.1,59.0,11.0,9.4,.479,17.9,36.6,.276
50,Central Florida,33,21,12,.636,6.25,1.97,6,10,15,4,4,7,2271,2080,65.3,105.3,.464,.344,.550,51.7,52.8,9.3,17.1,.512,18.2,34.1,.321
51,Central Michigan,31,10,21,.323,-8.01,-2.41,7,9,6,7,3,13,1841,2006,64.8,90.5,.335,.278,.462,49.1,41.1,11.0,9.0,.430,17.5,32.3,.211
52,Charleston Southern,32,16,16,.500,-4.86,-4.57,9,9,12,2,3,12,2362,2197,69.0,106.6,.318,.302,.541,52.7,47.2,12.5,7.4,.502,17.4,37.3,.240
53,Charlotte,30,10,20,.333,-2.54,1.89,2,14,6,7,2,11,1997,2130,65.5,97.5,.376,.372,.520,50.4,52.4,9.4,9.4,.476,19.0,31.5,.274
54,Chattanooga,32,16,16,.500,-9.44,-2.67,12,6,10,6,6,10,2274,2380,70.8,99.2,.405,.463,.522,52.1,58.7,7.1,4.8,.491,18.4,31.0,.263
55,Chicago State,32,6,26,.188,-27.71,-4.88,3,9,4,6,1,17,2128,2772,74.7,88.0,.379,.259,.476,46.1,51.6,8.5,5.8,.439,19.9,28.4,.246
56,Cincinnati,35,26,9,.743,15.41,6.10,11,7,15,3,7,4,2412,2086,63.6,107.9,.383,.336,.526,53.2,58.6,11.5,10.0,.494,15.0,38.1,.256
57,Citadel,32,10,22,.313,-9.84,-2.84,6,12,6,8,3,12,2049,2237,64.4,99.1,.308,.278,.508,52.0,53.5,7.3,3.7,.472,16.9,33.0,.221
58,Clemson,34,22,12,.647,13.76,6.58,9,7,15,2,3,7,2330,2086,65.1,104.6,.385,.345,.539,51.2,54.9,12.2,13.5,.503,17.3,34.2,.270
59,Cleveland State,36,27,9,.750,7.59,1.74,13,5,17,3,9,5,2556,2291,66.5,106.8,.415,.351,.539,49.1,49.7,11.2,7.5,.494,14.9,31.2,.304
60,Coastal Carolina,34,28,6,.824,2.35,-5.15,16,2,15,3,10,2,2597,2178,68.0,111.2,.434,.253,.562,54.9,56.0,9.7,10.7,.528,16.3,36.6,.301
61,Colgate,30,7,23,.233,-15.80,-5.03,4,10,3,9,4,14,1947,2270,68.0,94.3,.375,.300,.507,49.9,55.5,8.4,7.8,.469,20.0,31.5,.256
62,College of Charleston,37,26,11,.703,6.17,-1.05,14,4,13,1,10,8,2821,2554,67.6,112.7,.274,.384,.574,49.4,47.9,8.5,11.2,.548,15.5,32.8,.203
63,Colorado State,32,19,13,.594,7.49,5.26,9,7,9,5,6,5,2279,2166,67.4,105.2,.420,.329,.557,51.2,53.1,10.7,7.2,.522,18.2,32.0,.291
64,Colorado,38,24,14,.632,11.45,5.61,8,8,18,2,3,9,3025,2787,69.1,114.0,.390,.276,.570,52.0,49.5,9.8,6.9,.524,14.5,35.3,.304
65,Columbia,28,15,13,.536,-5.22,-4.81,6,8,10,4,5,9,1982,1988,68.1,103.0,.358,.285,.516,52.5,46.2,9.4,7.2,.476,15.5,34.2,.256
66,Connecticut,41,32,9,.780,17.95,10.44,9,9,13,4,5,5,2967,2659,65.1,109.2,.338,.293,.526,52.9,50.7,9.5,13.3,.482,14.3,38.7,.258
67,Coppin State,30,16,14,.533,-8.70,-7.66,11,5,11,3,5,10,2175,2169,69.8,102.2,.341,.361,.529,48.8,45.3,10.3,6.0,.495,16.8,31.2,.239
68,Cornell,28,10,18,.357,-3.60,-1.60,6,8,6,6,3,11,1906,1962,66.0,102.6,.311,.425,.525,47.5,61.7,10.0,7.7,.496,15.8,29.5,.215
69,Creighton,39,23,16,.590,4.87,1.41,10,8,19,3,3,11,2684,2549,63.5,108.1,.360,.373,.563,52.9,60.7,6.7,9.6,.529,16.6,31.0,.263
70,Dartmouth,28,5,23,.179,-14.86,-3.39,1,13,3,8,2,15,1667,1988,66.2,89.5,.295,.284,.478,44.8,42.5,9.7,6.6,.442,18.1,26.6,.206
71,Davidson,33,18,15,.545,-0.39,-2.17,10,8,10,3,5,10,2392,2266,68.2,106.2,.359,.397,.542,53.1,51.9,7.2,8.6,.502,17.5,35.8,.263
72,Dayton,36,22,14,.611,4.87,3.20,7,9,14,5,6,6,2413,2353,66.0,100.6,.332,.329,.501,53.3,61.7,7.1,7.5,.468,16.7,35.7,.225
73,Delaware State,30,9,21,.300,-12.18,-6.39,5,11,6,4,3,16,1874,1967,61.3,101.1,.284,.377,.524,42.0,51.5,13.7,11.1,.493,15.9,27.9,.203
74,Delaware,31,14,17,.452,-3.79,-0.11,8,10,6,6,7,9,1951,2065,62.9,99.2,.402,.328,.514,48.4,48.7,5.8,11.7,.473,16.3,28.1,.278
75,Denver,30,13,17,.433,-4.04,-3.48,9,7,11,4,2,10,1800,1817,58.6,100.7,.381,.437,.575,44.7,66.1,9.3,14.2,.542,19.3,20.0,.276
76,DePaul,31,7,24,.226,-1.31,7.53,1,17,6,11,1,9,2104,2378,68.9,97.3,.333,.288,.505,44.5,58.2,10.7,8.0,.471,16.9,30.0,.227
77,Detroit Mercy,33,17,16,.515,1.88,0.91,10,8,11,4,6,11,2459,2397,70.5,104.1,.471,.260,.548,52.4,47.7,10.6,12.2,.509,18.9,36.4,.324
78,Drake,31,13,18,.419,-2.56,0.76,7,11,10,5,2,10,1997,2100,65.4,98.1,.381,.356,.526,45.8,52.3,8.6,8.4,.490,16.7,23.9,.261
79,Drexel,31,21,10,.677,4.02,-0.01,11,7,12,2,7,7,1975,1850,63.4,100.2,.403,.223,.489,56.6,48.4,6.4,6.4,.458,15.6,37.6,.248
80,Duke,37,32,5,.865,24.51,8.32,13,3,17,0,6,4,2993,2394,70.2,115.2,.374,.353,.576,51.9,50.9,10.4,11.3,.537,14.8,35.1,.282
81,Duquesne,32,19,13,.594,10.33,1.49,10,6,10,2,8,7,2494,2177,71.3,108.0,.417,.374,.546,48.0,65.5,13.7,14.2,.525,16.0,34.1,.259
82,East Carolina,34,18,16,.529,1.67,2.99,8,8,11,5,4,7,2319,2288,65.8,102.9,.494,.417,.543,48.5,59.9,9.8,9.4,.500,18.5,31.2,.342
83,East Tennessee State,36,24,12,.667,2.08,-2.12,16,4,13,2,9,7,2515,2320,66.0,105.2,.445,.281,.540,51.4,44.7,10.2,9.9,.503,17.2,33.9,.301
84,Eastern Illinois,29,9,20,.310,-11.41,-4.89,4,14,5,9,4,11,1749,1875,63.7,94.3,.320,.239,.500,51.2,57.2,9.3,6.2,.460,18.9,32.4,.232
85,Eastern Kentucky,31,15,16,.484,-7.34,-6.48,9,9,8,5,6,9,2046,1957,62.3,105.0,.328,.424,.559,47.1,61.7,9.6,9.3,.524,17.1,26.8,.243
86,Eastern Michigan,31,9,22,.290,-9.11,-3.11,5,11,7,6,1,13,1906,2030,67.2,91.1,.353,.392,.481,49.2,61.3,9.7,11.1,.452,18.6,28.7,.221
87,Eastern Washington,30,10,20,.333,-8.50,-2.22,7,9,8,6,2,14,2023,2119,66.5,100.5,.363,.389,.512,49.3,51.7,8.6,11.7,.480,17.4,34.0,.240
88,Elon,31,14,17,.452,-6.54,-3.32,7,11,8,5,5,9,2301,2301,70.3,105.6,.382,.439,.546,48.0,56.9,7.8,8.1,.508,15.8,28.6,.272
89,Evansville,32,16,16,.500,-0.30,1.80,9,9,13,3,3,12,2122,2147,66.1,100.0,.465,.257,.541,47.9,62.5,8.3,4.9,.496,17.7,25.4,.329
90,Fairfield,33,25,8,.758,2.94,-3.91,15,3,13,3,10,4,2150,1924,65.8,98.7,.389,.258,.505,51.8,58.2,12.4,8.9,.472,17.9,35.0,.255
91,Fairleigh Dickinson,29,5,24,.172,-13.34,-5.00,3,15,3,11,2,13,1866,2108,67.2,94.1,.394,.289,.486,50.2,52.6,8.4,8.9,.444,18.7,33.4,.266
92,Florida A&M,32,12,20,.375,-16.82,-8.71,7,9,11,3,1,16,2055,2196,68.7,92.0,.402,.349,.483,50.2,41.8,11.1,11.1,.453,20.0,35.5,.243
93,Florida Atlantic,32,21,11,.656,-2.41,-2.61,13,3,10,3,9,7,2191,2137,64.7,105.0,.392,.292,.523,49.1,50.5,9.2,12.6,.492,14.8,32.9,.258
94,Florida Gulf Coast,30,10,20,.333,-10.27,-3.11,7,13,6,8,4,12,1970,2185,69.2,93.7,.426,.319,.493,50.7,54.3,9.0,5.7,.454,20.2,35.3,.277
95,Florida International,30,11,19,.367,-9.33,-4.23,5,11,8,7,2,11,2150,2262,69.4,101.6,.490,.305,.532,47.7,44.6,11.7,9.8,.488,18.1,32.5,.336
96,Florida State,34,23,11,.676,13.48,6.45,11,5,12,3,8,5,2348,2109,69.3,99.4,.381,.333,.522,53.3,51.1,12.2,16.0,.490,19.6,35.6,.253
97,Florida,37,29,8,.784,16.27,7.57,13,3,14,3,8,2,2667,2345,63.9,110.3,.357,.317,.547,54.0,53.8,9.1,9.2,.521,15.8,37.2,.239
98,Fordham,28,7,21,.250,-8.77,1.01,1,15,6,6,1,10,1795,2069,67.9,94.4,.307,.331,.479,50.0,54.0,6.2,11.2,.452,17.5,34.2,.194
99,Fresno State,31,14,17,.452,-0.25,0.58,6,10,11,5,3,11,2096,2089,67.5,99.7,.390,.357,.508,50.8,59.4,12.6,10.3,.480,17.4,33.3,.245
100,Furman,33,22,11,.667,-0.36,-3.65,12,6,11,2,9,8,2271,2124,63.5,107.5,.405,.371,.556,52.2,52.8,8.0,10.6,.516,17.6,34.8,.294
101,Gardner-Webb,32,11,21,.344,-9.22,-2.72,6,12,6,5,3,16,1985,2129,65.9,93.7,.313,.359,.496,50.5,46.6,10.6,6.9,.469,19.3,31.8,.201
102,George Mason,34,27,7,.794,11.66,1.37,16,2,14,0,10,3,2474,2124,64.3,111.9,.386,.308,.562,51.5,55.1,10.1,8.5,.532,14.7,32.9,.266
103,George Washington,31,17,14,.548,-0.10,0.36,10,6,9,7,7,5,2011,2025,64.7,99.9,.376,.315,.497,51.1,52.1,9.9,10.5,.468,16.5,36.4,.236
104,Georgetown,32,21,11,.656,14.61,10.39,10,8,10,4,7,5,2258,2123,64.8,108.5,.334,.371,.572,52.0,59.5,9.3,13.0,.541,18.1,33.7,.245
105,Georgia Southern,32,5,27,.156,-15.88,-3.13,1,17,5,10,0,14,2090,2423,69.5,93.2,.401,.262,.528,47.8,51.1,12.3,7.2,.491,22.7,30.5,.276
106,Georgia State,31,12,19,.387,-4.15,-1.92,6,12,8,6,2,12,1919,1988,63.6,95.5,.328,.305,.495,51.9,57.1,10.0,12.7,.475,19.4,35.8,.195
107,Georgia Tech,31,13,18,.419,6.42,5.68,5,11,10,6,1,10,2102,2079,69.2,97.3,.318,.347,.492,50.7,54.3,13.7,10.4,.457,16.7,33.5,.219
108,Georgia,33,21,12,.636,10.43,6.13,9,7,12,4,7,4,2267,2125,64.6,104.0,.366,.250,.530,53.4,60.1,9.7,11.9,.495,17.3,36.8,.255
109,Gonzaga,35,25,10,.714,13.86,4.01,11,3,14,2,6,4,2684,2307,68.4,111.3,.416,.281,.576,54.8,58.2,10.5,9.4,.531,17.0,35.4,.317
110,Grambling,33,12,21,.364,-18.45,-10.45,8,10,4,6,5,13,1998,2262,69.1,86.3,.385,.303,.460,48.5,48.4,9.2,7.1,.425,19.1,29.4,.236
111,Green Bay,32,14,18,.438,-0.21,2.18,8,10,10,4,4,12,2154,2189,65.6,101.8,.345,.265,.514,51.3,47.9,9.4,9.0,.479,16.8,36.1,.238
112,Hampton,33,24,9,.727,-5.20,-8.77,11,5,8,3,8,5,2197,2070,67.3,97.5,.412,.357,.499,47.0,51.9,10.7,15.6,.463,15.9,29.7,.267
113,Hartford,31,11,20,.355,-10.04,-5.55,7,9,7,5,3,13,1857,1996,63.5,92.4,.235,.495,.476,45.3,54.6,12.1,8.7,.458,16.6,27.6,.141
114,Harvard,30,23,7,.767,4.88,-1.19,12,3,14,0,9,6,2144,1933,63.9,110.9,.433,.364,.596,51.8,60.6,9.2,14.1,.543,18.3,31.4,.351
115,Hawaii,32,19,13,.594,0.51,-0.87,8,8,15,5,4,6,2216,2151,68.6,99.7,.436,.321,.545,51.4,50.0,8.0,11.7,.508,20.2,31.8,.299
116,High Point,31,12,19,.387,-12.82,-4.47,7,11,9,5,3,13,2050,2250,68.5,95.4,.413,.287,.501,48.2,48.5,10.5,7.2,.462,18.8,32.3,.275
117,Hofstra,33,21,12,.636,-0.03,0.13,14,4,10,3,10,5,2335,2300,64.8,108.0,.359,.318,.544,47.1,55.1,9.8,11.3,.500,14.0,29.8,.273
118,Holy Cross,29,8,21,.276,-6.38,-4.55,7,7,4,9,4,12,1949,2002,66.0,100.9,.357,.281,.515,52.1,54.0,6.1,9.4,.486,17.1,33.5,.232
119,Houston Baptist,31,5,26,.161,-18.41,-8.72,2,10,4,8,0,15,2140,2429,73.2,93.5,.399,.295,.495,46.2,49.3,11.2,6.4,.454,19.3,31.4,.270
120,Houston,30,12,18,.400,-2.71,0.55,4,12,10,6,2,11,2061,2092,66.4,101.4,.409,.286,.546,48.7,55.6,8.3,11.1,.515,19.6,31.5,.274
121,Howard,30,6,24,.200,-18.80,-7.30,4,12,6,9,0,13,1753,2098,66.0,88.5,.426,.305,.463,49.1,47.0,9.2,5.8,.424,20.3,35.2,.265
122,Idaho State,29,9,20,.310,-10.76,-1.87,4,12,7,5,1,14,1878,2096,64.9,98.4,.414,.276,.503,49.0,42.9,10.2,8.4,.457,17.3,33.6,.290
123,Idaho,32,18,14,.563,0.20,-0.64,9,7,10,5,8,8,2172,2134,65.4,102.5,.383,.321,.559,50.3,60.0,9.9,8.8,.523,19.7,30.9,.276
124,Illinois-Chicago,31,7,24,.226,-6.32,1.98,2,16,4,10,1,14,1943,2152,65.6,94.5,.309,.274,.497,52.7,49.9,7.0,6.6,.467,20.4,36.7,.206
125,Illinois State,31,12,19,.387,-3.37,-0.66,4,14,10,8,2,10,1893,1977,62.4,96.8,.336,.308,.510,51.4,50.9,7.8,11.2,.473,18.4,30.7,.238
126,Illinois,34,20,14,.588,16.72,11.11,9,9,14,2,3,7,2413,2222,66.2,106.8,.282,.314,.557,51.2,63.5,8.3,11.6,.529,16.8,31.7,.206
127,Indiana State,34,20,14,.588,3.41,2.90,12,6,10,3,6,8,2253,2192,64.8,100.9,.377,.362,.533,50.8,56.0,9.5,12.7,.494,18.5,30.9,.268
128,Indiana,32,12,20,.375,9.03,7.65,3,15,12,6,0,11,2226,2182,65.3,106.2,.369,.319,.553,50.5,49.8,9.6,7.2,.516,17.2,32.6,.268
129,Iona,37,25,12,.676,7.01,-2.26,13,5,12,3,11,6,2922,2579,69.5,112.1,.365,.361,.566,51.6,61.5,10.7,8.7,.544,15.5,33.2,.240
130,Iowa State,32,16,16,.500,8.86,4.55,3,13,13,6,2,9,2395,2257,70.7,104.6,.264,.375,.534,48.5,55.2,9.4,9.5,.506,15.3,29.4,.191
131,Iowa,31,11,20,.355,7.95,8.79,4,14,8,8,2,9,2084,2110,67.1,99.5,.345,.267,.514,50.9,55.2,9.9,7.0,.481,18.2,34.5,.233
132,IPFW,30,18,12,.600,-2.17,-5.17,11,7,11,3,7,8,2230,2103,67.6,109.1,.354,.372,.570,49.8,56.9,7.4,8.6,.529,15.8,28.8,.273
133,IUPUI,33,19,14,.576,0.39,-0.84,12,6,9,2,7,9,2364,2282,63.2,112.6,.321,.314,.568,50.5,42.4,9.2,7.1,.529,15.3,34.0,.251
134,Jackson State,32,17,15,.531,-10.43,-10.86,12,6,9,3,7,11,2096,2009,66.3,97.7,.425,.332,.507,51.9,59.1,11.6,8.9,.474,19.1,35.1,.271
135,Jacksonville State,30,5,25,.167,-11.16,-5.41,3,15,2,9,2,15,1828,1974,62.8,95.9,.341,.306,.509,47.6,56.1,10.0,9.9,.481,19.5,32.4,.221
136,Jacksonville,32,20,12,.625,-1.42,-3.68,13,7,11,2,9,9,2176,2094,68.2,97.8,.384,.251,.499,52.0,50.1,12.3,8.9,.461,18.3,36.8,.257
137,James Madison,33,21,12,.636,2.94,-0.03,10,8,11,4,10,7,2355,2257,66.9,106.3,.385,.291,.549,52.3,54.8,8.0,9.6,.513,16.6,31.7,.274
138,Kansas State,34,23,11,.676,14.59,8.41,10,6,16,1,5,5,2477,2249,68.8,105.9,.427,.325,.531,54.8,55.8,8.9,11.8,.499,17.8,41.0,.280
139,Kansas,38,35,3,.921,24.10,7.62,14,2,16,1,9,1,3084,2458,69.7,116.0,.393,.324,.593,55.7,60.5,11.1,10.3,.570,16.5,36.7,.267
140,Kennesaw State,31,8,23,.258,-14.06,-3.29,6,14,6,8,2,14,2017,2320,66.0,96.6,.357,.335,.498,47.8,48.2,8.2,10.3,.467,18.1,34.2,.232
141,Kent State,37,25,12,.676,3.65,0.04,12,4,14,2,7,9,2626,2473,67.1,104.3,.346,.277,.518,50.3,53.4,11.4,9.6,.487,15.9,36.1,.231
142,Kentucky,38,29,9,.763,20.30,8.91,10,6,15,0,3,7,2845,2412,66.2,112.8,.361,.324,.556,52.5,48.1,8.4,16.2,.523,13.8,34.3,.257
143,La Salle,33,15,18,.455,-0.08,1.70,6,10,9,10,5,5,2536,2595,71.8,103.9,.329,.276,.530,51.2,53.7,10.0,8.8,.496,17.8,37.4,.233
144,Lafayette,32,13,19,.406,-7.26,-4.19,6,8,8,6,5,13,2237,2310,66.8,101.9,.360,.401,.544,47.3,63.1,8.9,7.5,.499,17.4,26.9,.274
145,Lamar,30,13,17,.433,-6.69,-5.96,7,9,8,5,4,11,2463,2279,77.4,106.1,.399,.331,.528,52.0,51.7,10.6,8.5,.491,16.6,37.2,.274
146,Lehigh,31,16,15,.516,-4.07,-5.69,6,8,9,5,7,10,2282,2232,71.1,102.2,.464,.295,.525,49.8,50.1,10.6,9.5,.465,15.8,30.8,.350
147,Liberty,32,19,13,.594,-5.62,-4.86,13,5,12,4,5,9,2165,2100,66.9,99.5,.352,.282,.508,54.1,51.6,9.8,8.3,.472,18.7,38.9,.241
148,Lipscomb,30,17,13,.567,-0.96,-2.65,12,8,10,2,7,10,2287,2213,71.8,104.9,.406,.341,.548,51.5,58.1,11.2,5.5,.510,18.3,34.0,.287
149,Long Beach State,34,22,12,.647,3.78,1.69,14,2,11,2,7,7,2489,2398,70.3,103.8,.421,.329,.537,52.0,52.6,8.5,5.5,.503,17.6,33.2,.283
150,Long Island University,33,27,6,.818,2.23,-5.77,16,2,14,2,13,3,2730,2466,75.3,108.9,.497,.316,.550,52.8,54.2,9.8,8.1,.519,17.1,37.4,.321
151,Longwood,31,12,19,.387,-16.02,-3.62,10,4,1,14,2364,2552,73.4,103.9,.330,.355,.548,45.7,60.1,8.0,5.3,.518,16.7,27.9,.230
152,Louisiana-Lafayette,29,14,15,.483,-5.45,-4.19,11,5,10,4,4,10,2055,2067,69.5,100.7,.436,.265,.519,52.5,41.3,8.1,10.5,.482,18.6,36.4,.289
153,Louisiana-Monroe,31,7,24,.226,-14.27,-3.96,2,14,4,9,2,13,1859,2126,63.8,93.9,.349,.306,.497,49.2,46.5,9.8,4.6,.466,19.2,32.2,.226
154,Louisiana State,32,11,21,.344,-2.09,2.26,3,13,8,10,3,8,1991,2130,65.9,93.7,.376,.324,.488,48.5,52.6,9.6,9.1,.450,18.6,32.1,.250
155,Louisiana Tech,32,12,20,.375,-5.99,-0.99,2,14,8,6,2,14,2051,2174,68.6,93.4,.373,.340,.506,51.6,45.9,8.2,6.7,.475,21.1,31.7,.242
156,Louisville,35,25,10,.714,18.60,8.20,12,6,19,2,4,6,2623,2259,67.8,108.6,.299,.407,.548,50.1,64.1,13.5,14.1,.526,16.2,34.8,.198
157,Loyola (IL),31,16,15,.516,1.73,-1.10,7,11,9,8,7,7,2153,2065,65.6,105.4,.369,.319,.529,51.5,51.7,9.1,9.3,.485,16.4,36.0,.272
158,Loyola Marymount,32,11,21,.344,-2.79,0.27,2,12,7,7,2,12,2265,2312,68.8,100.9,.387,.248,.512,51.8,54.0,9.6,9.2,.472,17.1,35.5,.269
159,Loyola (MD),30,15,15,.500,-3.28,-3.68,10,8,8,6,7,8,2023,2011,66.1,101.6,.372,.316,.511,52.1,50.9,9.8,11.3,.470,16.8,36.7,.262
160,Maine,30,15,15,.500,-4.87,-5.84,9,7,7,7,8,7,2089,2010,64.7,106.4,.405,.342,.556,50.4,54.5,8.6,9.8,.521,17.2,31.1,.283
161,Manhattan,31,6,25,.194,-11.66,-2.01,3,15,3,10,3,11,1862,2161,63.8,93.4,.337,.225,.478,48.2,44.3,10.0,9.5,.437,17.9,33.8,.235
162,Marist,33,6,27,.182,-13.70,-1.46,3,15,4,10,1,15,1979,2383,66.5,90.2,.363,.384,.487,47.1,47.9,7.6,8.1,.441,19.3,27.8,.258
163,Marquette,37,22,15,.595,14.89,8.51,9,9,14,4,4,7,2782,2546,68.0,110.2,.443,.261,.549,51.7,59.0,10.5,8.7,.510,15.4,36.1,.308
164,Marshall,34,22,12,.647,6.32,1.94,9,7,14,4,6,7,2499,2291,68.0,107.7,.471,.309,.541,53.3,51.4,7.2,9.4,.502,16.6,37.3,.320
165,Maryland-Baltimore County,30,5,25,.167,-18.47,-4.27,4,12,3,10,2,14,1928,2354,67.1,94.2,.279,.317,.487,46.4,49.4,8.7,4.0,.453,16.8,29.5,.198
166,Maryland-Eastern Shore,31,9,22,.290,-19.35,-7.42,5,11,7,5,1,16,2096,2408,70.4,94.5,.353,.306,.484,47.0,50.8,9.2,3.8,.450,17.3,32.5,.230
167,Maryland,33,19,14,.576,15.00,5.76,7,9,14,4,4,6,2536,2231,71.8,107.0,.389,.219,.541,52.6,59.8,9.4,9.7,.509,16.3,35.8,.263
168,Massachusetts,30,15,15,.500,-0.76,1.93,7,9,8,8,4,6,1988,2039,68.4,96.5,.370,.326,.485,50.7,48.3,9.3,9.8,.448,16.9,35.0,.245
169,McNeese State,33,21,12,.636,-4.70,-4.39,11,5,14,2,4,9,2446,2354,68.2,107.5,.393,.336,.541,49.1,44.5,9.4,8.1,.496,15.3,33.1,.293
170,Memphis,35,25,10,.714,6.91,3.14,10,6,17,2,3,6,2524,2392,69.1,103.2,.396,.324,.538,50.6,57.5,12.1,13.7,.504,18.7,35.3,.269
171,Mercer,33,15,18,.455,-4.08,-2.17,11,9,9,6,4,10,2220,2258,67.7,98.2,.437,.364,.521,48.3,53.5,10.7,7.9,.478,18.2,30.3,.301
172,Miami (FL),36,21,15,.583,10.47,6.42,6,10,13,4,4,9,2579,2433,65.8,108.0,.389,.384,.557,52.7,47.7,8.5,10.3,.518,17.9,35.8,.282
173,Miami (OH),33,16,17,.485,-1.58,3.04,11,5,12,4,4,12,2190,2319,63.9,101.2,.363,.415,.542,49.0,50.1,7.5,9.1,.504,18.9,28.9,.264
174,Michigan State,34,19,15,.559,13.70,11.67,9,9,12,3,3,8,2338,2263,66.0,103.1,.365,.327,.526,52.9,62.3,9.7,13.1,.489,17.1,34.5,.256
175,Michigan,35,21,14,.600,14.21,10.68,9,9,14,5,5,5,2328,2187,62.1,106.3,.266,.426,.547,49.5,56.7,7.7,6.4,.523,14.3,25.5,.186
176,Middle Tennessee,32,16,16,.500,-2.74,-4.45,10,6,10,4,4,10,2218,2121,67.3,101.0,.479,.286,.526,51.7,46.2,12.6,9.3,.475,18.9,34.9,.340
177,Milwaukee,33,19,14,.576,1.48,2.51,13,5,10,5,8,8,2266,2300,66.3,102.3,.441,.406,.534,50.2,55.9,7.4,6.9,.502,18.0,31.8,.289
178,Minnesota,31,17,14,.548,11.75,9.79,6,12,11,6,3,7,2137,2076,65.2,105.7,.437,.286,.533,53.6,64.7,10.4,14.2,.499,17.3,37.6,.289
179,Mississippi State,31,17,14,.548,3.38,3.77,9,7,12,5,4,5,2165,2177,67.6,102.8,.359,.400,.544,49.5,53.2,7.7,12.6,.507,17.3,28.9,.259
180,Mississippi Valley State,32,13,19,.406,-13.95,-7.48,12,6,7,2,5,14,2186,2393,73.5,92.3,.388,.340,.498,50.1,52.3,9.6,7.4,.460,20.4,31.8,.258
181,Mississippi,34,20,14,.588,8.71,3.92,7,9,13,4,4,8,2513,2350,67.5,109.1,.348,.377,.549,51.8,47.8,7.8,14.7,.508,16.1,35.3,.263
182,Missouri-Kansas City,30,16,14,.533,-8.91,-4.46,9,9,11,4,5,9,2100,2217,66.5,102.7,.416,.410,.538,48.7,45.2,9.1,8.1,.507,17.9,31.7,.275
183,Missouri State,35,26,9,.743,8.07,1.35,15,3,16,1,7,7,2444,2209,62.3,112.1,.382,.347,.557,52.7,55.1,7.8,8.5,.518,14.3,33.2,.279
184,Missouri,34,23,11,.676,14.77,6.50,8,8,17,1,2,7,2748,2435,72.5,110.3,.339,.312,.552,48.6,56.8,13.2,11.6,.515,14.9,33.9,.250
185,Monmouth,30,9,21,.300,-9.67,-4.40,5,13,5,10,2,11,1818,1976,63.9,93.3,.379,.353,.497,49.0,59.5,10.4,6.3,.465,19.5,31.3,.242
186,Montana State,31,13,18,.419,-7.01,-3.22,7,9,9,4,2,14,2079,2130,65.6,101.8,.368,.408,.511,48.5,52.2,8.8,7.3,.482,15.7,32.0,.238
187,Montana,32,21,11,.656,2.17,-2.47,12,4,13,2,7,9,2151,1950,64.2,104.0,.425,.286,.540,51.2,55.0,10.6,12.9,.507,17.0,31.6,.284
188,Morehead State,35,25,10,.714,2.81,-3.13,13,5,14,1,8,8,2412,2162,64.3,106.2,.401,.321,.541,56.9,49.8,13.2,8.6,.509,19.2,41.6,.270
189,Morgan State,31,17,14,.548,-8.04,-7.72,10,6,10,2,4,10,2061,2071,68.2,97.5,.454,.247,.502,52.6,52.5,9.1,9.3,.456,18.8,36.7,.309
190,Mount St. Mary's,32,11,21,.344,-9.22,-3.47,9,9,8,5,3,16,1940,2124,65.3,92.1,.368,.281,.502,47.1,54.9,8.9,9.5,.464,19.9,29.1,.250
191,Murray State,32,23,9,.719,0.45,-4.85,14,4,13,2,9,4,2194,1979,64.4,106.6,.470,.315,.558,51.8,58.8,11.8,8.5,.519,18.8,35.0,.329
192,Navy,31,11,20,.355,-10.66,-5.56,6,8,6,7,4,11,2113,2254,73.1,92.1,.391,.454,.505,43.6,55.8,12.4,8.5,.460,18.6,22.8,.277
193,Nebraska,32,19,13,.594,10.54,4.67,7,9,17,2,1,8,2124,1936,64.7,102.1,.352,.311,.543,52.7,53.7,10.0,10.0,.510,18.2,30.0,.247
194,Nevada-Las Vegas,33,24,9,.727,14.67,6.00,11,5,11,4,8,3,2363,2077,67.3,106.1,.391,.304,.543,51.0,60.5,12.0,9.7,.509,16.1,33.1,.270
195,Nevada,32,13,19,.406,0.34,1.88,8,8,9,5,3,10,2245,2279,68.6,101.4,.433,.340,.523,51.0,47.3,7.0,9.9,.481,17.8,33.9,.297
196,New Hampshire,30,12,18,.400,-10.07,-6.32,6,10,7,5,4,12,1749,1826,62.2,92.5,.341,.404,.462,49.1,47.9,7.1,9.5,.433,16.1,31.8,.209
197,New Mexico State,33,16,17,.485,2.11,2.66,9,7,12,5,3,9,2364,2316,69.1,102.1,.494,.311,.538,50.4,51.7,9.3,10.1,.497,18.3,32.9,.334
198,New Mexico,35,22,13,.629,11.72,4.90,8,8,14,3,6,8,2562,2308,66.7,108.1,.426,.341,.555,54.4,61.0,8.9,9.2,.516,17.1,35.4,.303
199,Niagara,32,9,23,.281,-11.89,-3.02,5,13,6,7,2,14,1966,2250,68.6,89.5,.396,.355,.464,44.6,50.5,11.7,9.6,.421,17.7,29.6,.262
200,Nicholls State,28,14,14,.500,-5.72,-4.52,8,8,11,2,3,11,1836,1730,63.5,102.3,.384,.396,.542,47.0,62.3,12.4,3.2,.509,17.6,28.5,.264
201,NJIT,30,15,15,.500,-13.18,-9.64,9,3,10,5,5,9,2065,2052,68.9,99.1,.333,.352,.514,50.2,52.5,8.6,9.8,.493,17.0,30.1,.206
202,Norfolk State,32,12,20,.375,-12.20,-7.45,8,8,7,4,3,14,2238,2390,70.1,98.2,.410,.320,.523,49.7,52.7,9.0,15.0,.486,19.6,32.3,.278
203,North Carolina-Asheville,34,20,14,.588,-0.69,-2.89,11,7,10,5,8,8,2506,2333,70.1,102.9,.415,.264,.537,49.3,55.8,12.7,10.6,.495,18.0,33.2,.295
204,North Carolina A&T,32,15,17,.469,-12.06,-6.26,9,7,11,2,4,14,2282,2372,69.8,100.1,.432,.349,.524,47.9,49.4,9.1,12.8,.488,18.2,32.2,.287
205,North Carolina Central,30,15,15,.500,-13.03,-8.03,9,4,6,10,2062,2103,67.7,100.3,.378,.350,.544,48.1,48.9,11.4,8.9,.512,19.9,30.9,.261
206,North Carolina-Greensboro,31,7,24,.226,-9.95,-0.37,6,12,3,12,3,11,2204,2501,71.4,98.4,.365,.287,.516,48.2,45.3,9.1,5.9,.480,18.3,32.3,.252
207,North Carolina State,31,15,16,.484,7.02,6.80,5,11,11,5,1,9,2191,2184,67.8,104.2,.360,.233,.515,50.4,55.3,9.1,9.9,.478,15.2,35.5,.250
208,North Carolina-Wilmington,31,13,18,.419,-3.41,-0.44,7,11,9,6,3,11,1975,2067,61.7,101.3,.287,.364,.528,48.6,49.0,8.7,10.0,.501,18.6,33.6,.198
209,North Carolina,37,29,8,.784,18.87,10.15,14,2,15,0,7,3,2868,2545,72.6,106.5,.379,.250,.524,54.0,54.9,8.6,11.7,.492,15.4,37.1,.255
210,North Dakota State,29,14,15,.483,-1.54,-3.50,8,10,10,3,2,11,2188,2062,68.5,108.6,.408,.262,.555,52.6,50.9,8.4,6.2,.521,16.4,35.2,.283
211,North Dakota,34,19,15,.559,-11.83,-8.70,8,4,11,3,4,11,2319,2327,67.8,98.0,.440,.344,.525,50.3,53.9,8.8,10.9,.485,18.0,27.9,.299
212,North Florida,34,15,19,.441,-6.25,0.31,10,10,4,7,7,11,2208,2431,67.5,94.8,.425,.354,.528,46.1,53.3,8.6,9.4,.494,21.6,31.3,.281
213,North Texas,33,22,11,.667,-1.49,-5.07,8,8,14,2,5,8,2516,2358,68.8,110.4,.519,.273,.582,52.1,49.0,6.1,6.1,.531,17.1,31.2,.389
214,Northeastern,31,11,20,.355,-2.67,1.17,6,12,6,5,3,10,2064,2183,63.0,104.9,.358,.316,.548,46.9,59.4,10.7,6.4,.507,17.2,30.2,.269
215,Northern Arizona,32,19,13,.594,0.62,-3.72,9,7,13,1,6,12,2299,2078,65.8,108.3,.339,.278,.567,50.5,64.2,9.5,10.5,.545,17.2,31.1,.226
216,Northern Colorado,32,21,11,.656,1.39,-2.24,13,3,14,0,6,9,2287,2105,66.8,107.0,.434,.385,.555,53.6,50.8,8.9,5.9,.502,18.2,35.2,.334
217,Northern Illinois,30,9,21,.300,-8.05,-2.26,5,11,6,8,3,13,2055,2199,69.3,98.0,.385,.317,.513,50.6,50.6,8.0,6.3,.472,17.8,31.0,.269
218,Northern Iowa,34,20,14,.588,4.53,2.04,10,8,13,5,5,8,2167,2046,59.9,106.4,.355,.427,.545,49.0,49.3,8.4,5.8,.501,13.8,25.4,.271
219,Northwestern State,32,18,14,.563,-8.88,-7.02,10,6,13,3,5,10,2462,2482,74.2,102.0,.491,.326,.532,47.7,51.2,12.1,17.8,.499,19.2,35.9,.313
220,Northwestern,34,20,14,.588,11.66,7.54,7,11,13,4,5,8,2441,2301,63.5,111.9,.300,.452,.563,47.6,66.6,10.4,10.5,.534,13.5,27.6,.219
221,Notre Dame,34,27,7,.794,18.17,8.43,14,4,17,0,5,4,2558,2227,64.3,115.3,.451,.386,.575,53.2,66.8,7.0,11.4,.535,14.2,33.4,.327
222,Oakland,35,25,10,.714,8.28,0.10,17,1,10,1,10,7,2992,2690,72.4,117.6,.390,.359,.591,53.4,54.0,8.5,14.0,.559,15.9,37.2,.281
223,Ohio State,37,34,3,.919,25.84,8.38,16,2,20,0,9,2,2854,2208,64.1,120.0,.371,.327,.589,53.8,57.7,11.1,8.5,.563,13.5,35.7,.260
224,Ohio,35,19,16,.543,0.59,-1.01,9,7,11,8,7,6,2604,2548,68.0,105.3,.373,.356,.537,50.3,59.5,11.2,6.6,.498,16.4,33.6,.268
225,Oklahoma State,34,20,14,.588,8.53,6.94,6,10,14,2,1,10,2318,2264,66.1,101.7,.451,.267,.526,51.4,42.7,10.0,7.4,.475,17.3,32.9,.327
226,Oklahoma,32,14,18,.438,3.71,6.42,5,11,12,4,1,10,2111,2199,65.0,100.7,.359,.356,.547,48.0,54.2,8.5,8.4,.508,18.5,27.4,.265
227,Old Dominion,34,27,7,.794,9.03,1.76,14,4,14,2,7,4,2231,1984,60.7,108.1,.376,.276,.518,58.6,60.4,11.3,11.0,.485,16.6,45.4,.251
228,Oral Roberts,35,19,16,.543,0.86,-1.17,13,5,9,3,7,10,2615,2544,67.2,110.5,.409,.271,.561,50.6,48.2,8.2,7.0,.524,16.4,34.2,.293
229,Oregon State,31,11,20,.355,1.51,5.03,5,13,9,7,1,12,2147,2256,70.0,98.9,.436,.305,.515,49.8,50.7,13.5,5.7,.473,18.7,34.1,.297
230,Oregon,39,21,18,.538,6.92,6.92,7,11,16,8,3,8,2737,2704,68.3,102.4,.308,.352,.522,48.5,56.1,12.0,7.0,.485,15.5,30.7,.227
231,Pacific,31,16,15,.516,0.75,-0.88,8,8,8,5,6,9,2038,1945,61.5,106.1,.347,.413,.545,51.7,61.8,7.3,6.9,.512,16.1,30.9,.244
232,Penn State,34,19,15,.559,11.98,11.45,9,9,13,5,3,8,2144,2126,59.8,105.5,.311,.365,.534,51.0,53.8,7.4,7.4,.501,15.2,32.2,.225
233,Pennsylvania,28,13,15,.464,-2.99,-1.64,7,7,7,5,5,10,1868,1906,63.8,101.9,.378,.354,.559,48.6,58.7,9.3,7.1,.520,19.0,26.1,.279
234,Pepperdine,33,12,21,.364,-3.91,1.43,5,9,7,7,2,13,2289,2442,67.5,101.9,.404,.292,.518,51.5,52.9,8.6,7.4,.472,16.8,34.2,.290
235,Pittsburgh,34,28,6,.824,20.82,7.85,15,3,17,1,7,2,2514,2073,63.3,116.3,.431,.274,.559,57.8,67.2,7.4,8.2,.529,15.1,42.9,.289
236,Portland State,30,14,16,.467,-7.74,-4.47,5,11,10,5,2,11,2169,2230,68.9,105.0,.380,.354,.541,47.5,52.3,8.8,6.3,.501,15.9,29.8,.276
237,Portland,32,20,12,.625,4.70,2.20,7,7,13,2,7,7,2272,2192,64.8,108.8,.330,.337,.562,52.7,55.9,8.2,8.5,.527,17.1,34.2,.245
238,Prairie View,32,10,22,.313,-19.63,-8.77,7,11,8,3,1,16,2011,2242,69.3,89.7,.310,.349,.456,48.6,49.9,9.5,9.5,.434,17.9,32.7,.179
239,Presbyterian,31,13,18,.419,-7.72,-2.85,7,11,6,5,6,12,1915,2066,61.3,99.2,.305,.365,.547,47.4,54.1,6.5,5.6,.515,19.8,26.8,.222
240,Princeton,32,25,7,.781,3.71,-1.61,13,2,12,0,10,5,2215,2017,63.4,107.1,.359,.313,.558,53.1,54.2,9.2,11.5,.522,16.5,31.5,.263
241,Providence,32,15,17,.469,6.91,6.44,4,14,14,5,0,10,2426,2411,72.1,104.8,.376,.334,.512,50.5,46.7,10.8,10.6,.477,14.8,37.1,.251
242,Purdue,34,26,8,.765,19.36,8.69,14,4,16,0,7,5,2466,2103,66.0,109.5,.344,.330,.542,51.4,61.5,9.4,10.7,.507,13.6,32.4,.246
243,Quinnipiac,32,22,10,.688,-2.08,-6.39,13,5,12,6,9,4,2295,2157,68.7,104.3,.352,.257,.497,56.1,58.8,7.3,7.6,.472,14.9,40.6,.215
244,Radford,29,5,24,.172,-16.76,-2.52,2,16,5,8,0,16,1734,2065,68.1,87.0,.413,.289,.465,47.8,49.2,11.5,7.9,.426,20.5,32.0,.259
245,Rhode Island,34,20,14,.588,3.34,1.90,9,7,12,4,6,8,2316,2267,66.9,101.5,.304,.368,.516,48.9,50.1,9.8,10.6,.484,15.7,31.3,.213
246,Rice,32,14,18,.438,1.67,2.67,5,11,9,7,3,8,2148,2149,64.5,102.9,.432,.302,.525,51.8,56.7,10.4,6.4,.477,16.3,32.5,.313
247,Richmond,37,29,8,.784,11.23,2.79,13,3,12,3,10,3,2577,2265,63.2,109.5,.323,.366,.557,48.5,59.4,9.3,12.2,.531,14.3,28.6,.222
248,Rider,34,23,11,.676,1.62,-2.67,13,5,9,5,11,5,2486,2340,68.6,105.8,.350,.351,.556,49.2,53.8,8.7,12.1,.535,17.5,30.4,.227
249,Robert Morris,32,18,14,.563,-0.80,-2.61,12,6,11,2,7,12,2153,2095,65.6,101.4,.354,.336,.514,50.4,58.0,11.4,5.6,.480,16.9,34.4,.242
250,Rutgers,32,15,17,.469,7.88,7.22,5,13,10,6,3,10,2122,2101,64.4,101.8,.317,.286,.519,49.2,55.4,12.1,11.3,.490,16.1,32.0,.214
251,Sacramento State,28,7,21,.250,-14.01,-4.05,4,12,6,7,1,13,1729,1948,64.6,94.0,.385,.343,.494,50.7,58.0,9.3,9.9,.453,19.2,33.4,.262
252,Sacred Heart,29,11,18,.379,-9.40,-6.12,6,12,5,7,6,10,1922,2017,67.1,98.0,.376,.305,.521,49.6,51.2,11.4,8.2,.482,19.7,33.1,.264
253,Saint Francis (PA),30,9,21,.300,-11.50,-3.84,7,11,7,5,2,16,1957,2187,67.3,96.5,.363,.322,.526,47.8,58.8,8.3,8.5,.484,20.1,29.6,.264
254,Saint Joseph's,33,11,22,.333,-1.75,3.46,4,12,5,9,4,12,2129,2301,63.9,100.2,.340,.352,.510,46.9,55.3,7.9,15.6,.473,15.0,28.5,.241
255,Saint Louis,31,12,19,.387,2.83,3.06,6,10,9,7,1,10,1953,1933,64.7,97.3,.328,.318,.516,48.8,58.9,9.9,9.8,.488,18.0,28.5,.216
256,Saint Mary's (CA),34,25,9,.735,13.04,1.95,11,3,15,3,6,4,2684,2253,67.1,117.2,.338,.382,.593,53.1,59.3,10.6,9.3,.559,14.5,33.4,.257
257,Saint Peter's,34,20,14,.588,-0.28,-1.08,11,7,8,3,8,8,2069,2042,65.5,92.5,.389,.322,.490,49.3,53.7,11.8,12.7,.455,19.7,32.1,.250
258,Sam Houston State,31,18,13,.581,-2.38,-3.90,10,6,9,5,7,6,2161,2049,68.6,101.2,.380,.357,.524,53.1,70.0,11.5,6.1,.493,18.0,34.4,.251
259,Samford,31,12,19,.387,-11.39,-4.22,4,14,6,8,5,9,1880,2072,62.2,96.7,.355,.530,.549,42.8,65.2,9.4,7.1,.522,19.8,20.4,.240
260,San Diego State,37,34,3,.919,17.96,6.36,14,2,14,1,11,1,2660,2192,63.7,112.0,.305,.298,.543,54.9,50.4,9.6,11.3,.515,14.2,38.2,.213
261,San Diego,30,6,24,.200,-8.60,3.18,2,12,5,9,0,12,1826,2114,65.6,92.4,.369,.324,.511,44.7,52.7,7.8,8.5,.476,19.9,25.5,.251
262,San Francisco,34,19,15,.559,1.78,3.06,10,4,13,4,5,8,2384,2401,68.6,100.8,.385,.357,.533,52.3,51.9,7.7,6.8,.498,18.2,30.9,.265
263,San Jose State,33,17,16,.515,-1.54,-0.08,5,11,9,6,6,9,2391,2405,68.1,103.2,.377,.278,.507,51.0,50.2,7.7,5.7,.456,13.5,32.7,.284
264,Santa Clara,38,24,14,.632,3.06,1.25,8,6,15,5,8,6,2810,2690,68.2,107.3,.469,.368,.544,53.2,53.6,10.5,8.7,.495,17.3,37.1,.340
265,Savannah State,30,12,18,.400,-9.06,-2.44,6,4,4,14,1818,1808,64.8,92.4,.360,.342,.497,49.3,49.4,11.0,10.2,.463,19.8,30.8,.238
266,Seattle,31,11,20,.355,-9.26,-2.36,6,6,4,13,2138,2352,74.6,92.4,.358,.305,.482,50.2,47.2,11.2,4.5,.446,19.8,35.7,.236
267,Seton Hall,31,13,18,.419,11.03,9.33,7,11,8,7,4,7,2092,2039,68.5,97.7,.313,.332,.495,48.7,55.6,10.6,9.0,.464,15.4,30.1,.211
268,Siena,31,13,18,.419,-3.83,-1.71,8,10,8,7,4,10,2103,2169,68.2,98.3,.335,.260,.493,52.1,49.6,9.6,8.5,.457,17.4,37.1,.228
269,South Alabama,28,12,16,.429,-9.80,-4.34,6,10,8,6,4,9,1969,2041,69.1,100.8,.412,.294,.509,50.1,49.9,10.0,12.1,.472,17.2,35.7,.274
270,South Carolina State,32,10,22,.313,-16.71,-8.57,5,11,8,6,1,13,2119,2276,67.8,96.8,.344,.314,.511,50.9,50.4,8.8,9.5,.479,20.3,36.1,.232
271,South Carolina Upstate,30,5,25,.167,-12.44,-0.94,4,16,3,8,2,14,1746,2091,64.6,89.0,.280,.438,.459,47.7,54.6,8.9,11.6,.436,18.9,32.7,.168
272,South Carolina,30,14,16,.467,4.17,5.60,5,11,11,6,3,9,2027,2070,68.1,97.5,.272,.353,.478,50.1,44.1,10.0,15.3,.450,16.1,36.7,.180
273,South Dakota State,31,19,12,.613,3.10,-4.04,10,8,10,5,8,6,2533,2285,69.2,118.0,.353,.353,.570,50.4,53.3,8.8,6.7,.538,12.3,33.6,.257
274,South Dakota,33,18,15,.545,-9.72,-10.48,7,5,13,2,3,11,2632,2507,73.4,107.0,.365,.350,.544,49.7,51.9,9.0,7.0,.516,14.8,29.6,.243
275,South Florida,33,10,23,.303,4.28,8.89,3,15,7,9,1,12,2044,2196,62.8,97.1,.381,.306,.506,52.0,57.2,7.7,10.3,.462,19.9,36.6,.271
276,Southeast Missouri State,32,10,22,.313,-12.27,-5.40,6,12,5,8,4,13,2117,2281,67.5,97.3,.473,.285,.515,49.8,53.2,6.7,10.0,.484,18.6,31.0,.293
277,Southeastern Louisiana,29,15,14,.517,-8.93,-5.40,9,7,9,2,5,10,2031,2003,67.4,103.5,.378,.327,.533,49.3,58.9,9.2,10.3,.493,17.1,32.6,.273
278,Southern California,34,19,15,.559,11.52,7.97,10,8,12,4,5,8,2252,2131,64.3,102.6,.354,.315,.526,50.7,49.4,9.1,8.3,.499,15.6,29.9,.230
279,SIU Edwardsville,29,8,21,.276,-22.39,-3.67,6,8,0,13,1879,2248,70.2,90.8,.326,.372,.514,44.4,57.8,8.1,8.4,.484,21.3,24.6,.218
280,Southern Illinois,32,13,19,.406,-2.46,1.48,5,13,8,8,3,9,1953,2079,63.7,95.1,.384,.271,.510,51.0,52.8,8.7,7.0,.471,19.4,30.4,.266
281,Southern Methodist,35,20,15,.571,1.04,-0.39,8,8,15,7,5,7,2262,2147,61.2,104.6,.337,.430,.597,47.3,61.9,10.0,11.5,.567,20.6,24.2,.250
282,Southern Mississippi,32,22,10,.688,8.41,1.90,9,7,13,2,6,6,2371,2093,66.0,111.8,.413,.257,.544,55.4,46.1,8.4,8.4,.500,14.9,39.9,.301
283,Southern Utah,30,11,19,.367,-7.80,-3.44,7,11,6,8,4,8,2077,2192,68.2,101.5,.455,.181,.543,53.8,57.5,7.9,10.5,.499,20.2,36.4,.323
284,Southern,30,4,26,.133,-25.62,-9.47,3,15,3,11,1,13,1701,2162,67.4,83.4,.344,.324,.458,44.9,57.4,8.1,9.3,.430,21.2,28.6,.205
285,St. Bonaventure,31,16,15,.516,1.31,1.73,8,8,10,5,6,9,2156,2169,64.9,103.0,.438,.295,.547,52.1,53.5,7.4,9.2,.508,19.1,33.7,.306
286,St. Francis (NY),30,15,15,.500,-5.45,-5.85,10,8,10,3,5,10,2002,1990,67.7,98.6,.401,.399,.499,47.0,51.9,11.5,7.1,.461,16.8,32.2,.265
287,St. John's (NY),33,21,12,.636,13.10,10.01,12,6,12,3,5,7,2313,2211,66.5,105.1,.442,.241,.539,49.5,51.7,12.1,7.0,.495,16.2,32.5,.314
288,Stanford,31,15,16,.484,6.40,5.17,7,11,11,5,3,8,2058,2020,65.8,100.4,.377,.332,.521,51.2,49.9,7.3,9.5,.490,17.5,32.7,.248
289,Stephen F. Austin,29,18,11,.621,-3.29,-7.73,9,7,13,3,5,7,1926,1643,63.2,104.1,.368,.234,.534,55.8,60.3,10.8,3.4,.494,18.5,38.7,.266
290,Stetson,31,8,23,.258,-10.73,-2.86,6,14,5,8,3,12,1986,2228,66.5,94.8,.413,.336,.506,48.7,42.1,11.2,8.3,.477,20.5,34.2,.256
291,Stony Brook,32,15,17,.469,-6.85,-6.20,8,8,7,7,6,10,1951,1934,62.9,94.8,.318,.360,.477,49.7,44.9,8.4,7.8,.444,16.3,31.2,.209
292,Syracuse,35,27,8,.771,18.85,8.79,12,6,16,3,6,3,2568,2216,66.0,110.3,.360,.317,.553,52.5,60.5,13.1,17.0,.528,15.9,36.7,.239
293,Temple,34,26,8,.765,12.35,4.23,14,2,14,0,7,4,2400,2124,65.5,106.6,.338,.300,.532,51.8,58.9,10.3,11.5,.500,14.1,32.1,.236
294,Tennessee-Martin,33,12,21,.364,-12.77,-5.00,6,12,7,7,4,13,2264,2454,69.8,97.2,.389,.302,.520,47.6,46.6,9.5,6.8,.472,19.0,30.8,.288
295,Tennessee State,30,14,16,.467,-7.12,-4.73,10,8,11,2,3,13,2044,2040,66.0,102.0,.394,.369,.542,49.7,55.2,9.8,10.4,.494,19.5,33.9,.300
296,Tennessee Tech,33,20,13,.606,-5.64,-5.77,12,6,10,5,7,7,2462,2307,71.5,103.2,.429,.235,.549,53.6,51.9,11.7,5.0,.519,19.5,35.4,.284
297,Tennessee,34,19,15,.559,11.08,8.73,8,8,10,8,5,4,2376,2296,67.1,103.3,.397,.300,.515,52.6,52.9,10.9,9.3,.476,16.6,37.8,.272
298,Texas A&M-Corpus Christi,31,10,21,.323,-12.31,-2.09,5,11,6,7,2,12,1943,2194,66.4,93.6,.422,.308,.511,50.8,51.2,9.6,9.9,.478,22.3,34.7,.272
299,Texas A&M,33,24,9,.727,12.62,5.94,10,6,15,2,5,4,2254,2009,63.1,106.6,.465,.311,.537,54.7,58.6,10.2,4.3,.494,17.1,38.2,.324
300,Texas-Arlington,29,13,16,.448,-7.59,-5.47,7,9,9,4,4,12,2055,1993,70.6,99.1,.368,.376,.541,50.3,50.8,9.6,7.6,.506,21.3,32.9,.259
301,Texas Christian,33,11,22,.333,0.96,3.93,1,15,8,8,1,11,2220,2318,67.7,98.9,.287,.325,.519,48.8,57.7,9.3,5.8,.493,16.5,27.3,.193
302,Texas-El Paso,35,25,10,.714,8.83,2.47,11,5,17,2,5,6,2470,2225,67.6,103.3,.408,.290,.549,48.3,61.3,9.9,9.9,.518,16.4,25.0,.273
303,Texas-Pan American,31,6,25,.194,-16.55,-6.41,2,10,5,9,0,14,2114,2357,68.9,98.6,.433,.386,.535,47.7,54.7,8.3,5.4,.498,19.5,29.2,.294
304,Texas-San Antonio,34,20,14,.588,-5.80,-4.93,9,7,11,3,5,10,2384,2363,68.7,102.0,.414,.356,.532,48.9,53.6,10.3,6.3,.491,17.2,30.5,.292
305,Texas Southern,32,19,13,.594,-10.14,-9.02,16,2,9,1,8,11,2056,2092,67.7,93.9,.477,.379,.517,49.3,56.7,11.8,11.0,.483,21.1,30.6,.301
306,Texas State,32,16,16,.500,-7.65,-5.89,10,6,11,3,3,9,2506,2510,76.0,102.3,.454,.300,.534,49.9,50.8,10.1,7.7,.497,17.4,32.6,.305
307,Texas Tech,32,13,19,.406,4.02,6.18,5,11,11,7,2,9,2342,2411,70.4,103.2,.381,.265,.535,48.5,51.7,8.4,10.1,.493,17.0,32.4,.278
308,Texas,36,28,8,.778,20.82,7.96,13,3,16,2,7,3,2701,2238,67.8,110.0,.431,.255,.534,54.3,50.8,8.4,11.7,.502,14.5,38.2,.282
309,Toledo,32,4,28,.125,-14.75,-0.88,1,15,4,12,0,16,1853,2247,64.1,89.6,.423,.341,.496,47.2,61.7,8.4,4.6,.462,21.6,28.8,.265
310,Towson,30,4,26,.133,-8.06,-0.52,0,18,2,12,2,13,2053,2279,65.5,103.7,.376,.308,.533,47.2,47.8,8.8,7.7,.493,15.9,30.3,.272
311,Troy,29,8,21,.276,-9.48,-2.05,6,10,5,6,2,13,2076,2243,71.0,98.2,.298,.414,.506,48.9,53.9,9.1,9.9,.479,16.9,30.8,.198
312,Tulane,30,13,17,.433,-0.28,-0.68,3,13,9,6,4,10,2057,1975,65.4,104.4,.363,.384,.533,48.9,56.9,10.6,8.1,.500,16.1,31.2,.250
313,Tulsa,32,19,13,.594,6.06,3.25,11,5,12,3,4,7,2255,2165,66.2,104.8,.444,.357,.542,54.1,48.5,6.6,10.8,.501,17.7,34.5,.312
314,UCLA,34,23,11,.676,11.70,7.93,13,5,16,2,5,5,2382,2254,66.7,103.9,.443,.290,.539,53.2,59.4,8.1,15.3,.502,18.6,36.0,.301
315,Utah State,34,30,4,.882,13.23,0.50,15,1,17,0,11,3,2449,1995,64.1,111.6,.427,.314,.569,55.7,59.5,7.4,9.0,.527,15.9,34.5,.315
316,Utah Valley,30,19,11,.633,-7.78,-9.97,11,1,13,3,6,8,2276,2054,69.4,107.1,.464,.325,.554,54.3,55.9,7.1,8.1,.501,16.9,33.0,.351
317,Utah,31,13,18,.419,2.46,6.56,6,10,9,6,4,9,2078,2177,68.2,98.3,.358,.317,.515,49.5,40.6,6.7,13.6,.478,17.5,29.4,.249
318,Valparaiso,35,23,12,.657,4.24,1.69,12,6,13,4,6,8,2564,2379,67.5,106.7,.337,.342,.552,50.7,58.3,11.3,7.2,.529,17.3,33.4,.224
319,Vanderbilt,34,23,11,.676,15.10,6.86,9,7,14,3,5,5,2581,2301,67.6,111.1,.452,.382,.573,51.7,53.5,7.5,14.1,.529,16.6,32.9,.336
320,Vermont,32,23,9,.719,0.14,-5.33,13,3,12,2,10,5,2147,1972,64.7,103.0,.372,.247,.524,54.7,50.7,7.7,8.0,.491,17.5,37.3,.252
321,Villanova,33,21,12,.636,15.05,8.23,9,9,13,4,7,5,2384,2159,65.7,109.6,.423,.332,.546,53.2,56.5,9.6,10.3,.495,15.3,35.8,.320
322,Virginia Commonwealth,40,28,12,.700,8.56,3.78,12,6,11,3,8,6,2864,2673,65.3,108.3,.370,.412,.547,47.0,60.2,12.4,10.7,.511,14.9,30.8,.264
323,VMI,31,18,13,.581,-4.23,-5.45,10,8,11,5,7,7,2726,2545,78.5,111.5,.342,.470,.563,47.2,49.4,11.0,12.8,.533,14.6,30.6,.243
324,Virginia Tech,34,22,12,.647,13.84,6.29,9,7,12,4,4,6,2390,2133,65.6,106.0,.407,.310,.543,51.3,51.0,9.9,9.8,.503,16.1,32.6,.289
325,Virginia,31,16,15,.516,6.01,6.55,7,9,11,6,4,6,1918,1935,61.7,99.5,.320,.362,.517,48.2,53.0,9.3,8.9,.485,15.6,26.2,.221
326,Wagner,30,13,17,.433,-6.54,-3.67,9,9,8,5,5,12,2029,2115,67.7,98.2,.412,.343,.550,45.3,62.3,8.6,11.7,.498,20.1,25.0,.318
327,Wake Forest,32,8,24,.250,-4.43,5.51,1,15,7,12,0,10,2151,2469,70.7,95.1,.384,.296,.524,46.2,49.3,7.5,14.2,.476,19.6,26.3,.286
328,Washington State,35,22,13,.629,12.27,6.81,9,9,14,4,5,6,2550,2359,68.5,104.9,.360,.344,.549,48.6,51.7,9.8,10.5,.516,16.2,28.2,.255
329,Washington,35,24,11,.686,20.12,7.74,11,7,14,2,5,6,2907,2474,72.0,114.5,.315,.363,.559,52.9,55.9,9.2,12.4,.537,14.2,37.7,.212
330,Weber State,32,18,14,.563,-1.64,-1.74,11,5,11,2,6,10,2243,2144,65.9,106.0,.353,.367,.563,50.7,52.3,8.4,8.4,.524,17.1,27.4,.267
331,West Virginia,33,21,12,.636,16.15,11.03,11,7,12,2,4,6,2303,2134,64.0,109.0,.409,.335,.528,52.4,62.7,7.3,11.2,.485,15.6,40.2,.291
332,Western Carolina,33,18,15,.545,-3.54,-2.86,12,6,11,1,6,11,2303,2275,69.5,100.1,.308,.287,.505,50.3,50.4,13.0,7.2,.478,16.6,34.0,.200
333,Western Illinois,30,7,23,.233,-15.14,-4.43,2,16,5,9,1,13,1719,1945,63.0,91.0,.388,.318,.504,46.4,52.6,8.1,7.5,.469,19.2,23.0,.256
334,Western Kentucky,32,16,16,.500,-3.80,-3.15,8,8,7,6,6,7,2242,2263,68.9,100.9,.374,.309,.513,50.2,48.5,8.3,9.7,.484,18.0,36.1,.240
335,Western Michigan,34,21,13,.618,-0.70,-2.52,11,5,12,6,7,6,2440,2321,67.7,104.9,.359,.283,.528,52.8,50.5,8.6,8.3,.493,16.9,37.0,.251
336,Wichita State,37,29,8,.784,12.57,1.79,14,4,14,4,9,2,2690,2281,64.4,111.4,.344,.360,.568,56.3,60.0,8.8,11.0,.532,16.4,35.6,.256
337,William & Mary,32,10,22,.313,-4.38,0.49,4,14,7,8,2,13,2051,2174,63.5,100.6,.361,.435,.553,48.9,60.8,6.6,10.6,.521,18.7,24.7,.252
338,Winthrop,30,13,17,.433,-5.38,-3.20,9,9,9,4,4,10,1973,2006,67.0,96.1,.367,.237,.485,50.4,49.0,10.9,7.4,.452,16.4,32.6,.236
339,Wisconsin,34,25,9,.735,18.77,9.42,13,5,16,0,5,6,2310,1992,57.3,117.7,.295,.412,.560,51.9,55.4,6.2,9.9,.518,11.2,32.6,.241
340,Wofford,34,21,13,.618,4.35,-1.21,14,4,8,4,8,6,2502,2313,64.6,111.3,.420,.266,.563,50.8,55.2,10.1,6.3,.530,15.5,34.1,.291
341,Wright State,33,19,14,.576,3.22,1.45,10,8,14,3,5,8,2123,2035,62.2,103.4,.394,.368,.543,46.6,47.5,10.0,3.4,.497,15.5,25.4,.295
342,Wyoming,31,10,21,.323,-3.16,3.53,3,13,10,7,0,11,2044,2161,68.1,96.9,.399,.329,.514,47.6,45.0,11.0,10.4,.477,18.1,28.7,.269
343,Xavier,32,24,8,.750,11.88,4.41,15,1,14,1,7,4,2306,2067,65.3,108.7,.445,.309,.560,53.3,54.1,8.2,8.3,.512,16.0,32.4,.332
344,Yale,28,15,13,.536,-2.91,-2.72,8,6,9,4,6,8,1908,1885,66.6,100.5,.397,.328,.541,50.2,54.3,7.0,13.0,.497,17.9,27.3,.292
345,Youngstown State,30,9,21,.300,-6.40,0.93,2,16,9,7,0,14,2072,2226,69.6,98.0,.292,.388,.499,46.4,60.1,8.8,13.3,.479,14.9,27.5,.178
